Source,Target,Weight
Hannover 96,Bor. Monchengladbach,2
Sunderland AFC,Millwall FC,3
CD Leganes,Real Madrid CF,1
Stoke City FC,Manchester United FC,4
TSG 1899 Hoffenheim,FC Bayern Minchen,8
Girona FC,Athletic Club,2
FC Bayern Minchen,FC Schalke 04,10
Arminia Bielefeld,Holstein Kiel,1
Leicester City FC,Stoke City FC,3
SpVgg Greuther Firth,FC Union Berlin,2
FC Heidenheim 1846,FC Nirnberg,2
VfB Stuttgart,Hertha BSC,2
Dynamo Dresden,FC Kaiserslautern,2
Sunderland AFC,Sheffield United FC,1
Chelsea FC,Swansea City FC,2
Birmingham City,Aston Villa FC,0
Levante UD,RC Deportivo La Coruna,4
FC Augsburg,SC Freiburg,6
Bolton Wanderers FC,Reading,3
Norwich City FC,Leeds United,0
Norwich City FC,Sheffield Wednesday,3
Manchester United FC,Chelsea FC,4
Getafe CF,Malaga CF,2
Fulham FC,Brentford FC,1
Dynamo Dresden,Eintracht Braunschweig,2
Real Madrid CF,FC Barcelona,0
Norwich City FC,Cardiff City FC,1
Sevilla FC,Manchester United FC,2
Bolton Wanderers FC,Queens Park Rangers,2
Fortuna Disseldorf,Jahn Regensburg,8
Arsenal FC,Chelsea FC,4
Eintracht Braunschweig,FC Ingolstadt 04,4
FC Barcelona,Villarreal CF,2
FC Nirnberg,Dynamo Dresden,4
FC Bayern Minchen,Eintracht Frankfurt,2
VfL Bochum,FC Ingolstadt 04,6
Eintracht Frankfurt,Red Bull Leipzig,3
Aston Villa FC,Middlesbrough FC,1
Queens Park Rangers,Bolton Wanderers FC,6
Arsenal FC,Manchester City FC,2
FC Ingolstadt 04,VfL Bochum,0
AFC Bournemouth,Everton FC,3
SpVgg Greuther Firth,VfL Bochum,2
Real Sociedad de Football,Athletic Club,0
FC Barcelona,Valencia CF,1
Blackburn Rovers FC,Milton Keynes Dons,4
Burnley FC,Manchester City FC,1
Nottingham Forest,Norwich City FC,1
RCD Espanyol,Athletic Club,2
Newcastle United FC,Burnley FC,1
FC Bayern Minchen,FC Koln,2
Erzgebirge Aue,FC Kaiserslautern,8
Norwich City FC,Queens Park Rangers,4
Arsenal FC,Watford FC,4
FC Kaiserslautern,Fortuna Disseldorf,2
FC Kaiserslautern,SpVgg Greuther Firth,8
Dynamo Dresden,Erzgebirge Aue,8
Real Sociedad de Football,Club Atletico de Madrid,1
TSV 1860 Minchen,FC Ingolstadt 04,2
Athletic Club,FC Barcelona,0
FC Nirnberg,MSV Duisburg,22
Liverpool FC,Sevilla FC,5
Levante UD,SD Eibar,4
Bristol Rovers,Wigan Athletic FC,0
VfL Bochum,Arminia Bielefeld,0
Manchester City FC,Manchester United FC,4
Bor. Monchengladbach,FC Augsburg,8
Reading,Norwich City FC,1
Barnsley FC,Bolton Wanderers FC,1
FC St. Pauli,FC Union Berlin,0
SC Paderborn 07,FC St. Pauli,4
Norwich City FC,Middlesbrough FC,2
Holstein Kiel,FC Ingolstadt 04,0
Crystal Palace FC,Newcastle United FC,1
Chelsea FC,Watford FC,5
VfB Stuttgart,TSG 1899 Hoffenheim,0
Jahn Regensburg,SV Sandhausen,4
Stoke City FC,West Bromwich Albion FC,8
Sunderland AFC,Reading,1
West Bromwich Albion FC,Watford FC,2
SV Darmstadt 98,Eintracht Braunschweig,4
Eintracht Frankfurt,Werder Bremen,4
Brentford FC,Aston Villa FC,2
Wigan Athletic FC,Fleetwood Town FC,2
Huddersfield Town,Manchester City FC,1
Borussia Dortmund,VfB Stuttgart,2
Derby County,Norwich City FC,3
Real Madrid CF,SD Eibar,5
Leher TS,FC Koln,0
FC St. Pauli,Erzgebirge Aue,2
Newcastle United FC,Arsenal FC,0
SV Darmstadt 98,Dynamo Dresden,10
FC Koln,Werder Bremen,2
Manchester City FC,Southampton FC,2
Hamburger SV,SC Freiburg,0
FC St. Pauli,SpVgg Greuther Firth,0
FC St. Pauli,VfL Bochum,6
Fortuna Disseldorf,Holstein Kiel,2
SV Sandhausen,FC St. Pauli,2
UD Las Palmas,Real Madrid CF,0
VfL Bochum,Erzgebirge Aue,2
VfL Bochum,Holstein Kiel,1
Manchester United FC,SL Benfica,3
VfB Stuttgart,Borussia Dortmund,4
Levante UD,Sevilla FC,0
FC Schalke 04,VfL Wolfsburg,2
Bradford City AFC,Blackburn Rovers FC,0
UD Las Palmas,Malaga CF,4
Stoke City FC,Southampton FC,2
Manchester City FC,Newcastle United FC,8
Sunderland AFC,Leeds United,0
FC Kaiserslautern,FC Nirnberg,2
FC St. Pauli,FC Nirnberg,2
SV Sandhausen,SV Darmstadt 98,4
TSG 1899 Hoffenheim,Hannover 96,0
Charlton Athletic,Wigan Athletic FC,0
Everton FC,AFC Bournemouth,3
Cardiff City FC,Bolton Wanderers FC,2
FC Kaiserslautern,FC Ingolstadt 04,2
VfL Bochum,Dynamo Dresden,6
Tottenham Hotspur FC,Huddersfield Town,6
Real Betis,Athletic Club,0
FC Porto,Liverpool FC,0
Bor. Monchengladbach,FC Schalke 04,2
FSV Mainz 05,Borussia Dortmund,0
Swansea City FC,Liverpool FC,2
Karlsruher SC,Bayer Leverkusen,0
Bayer Leverkusen,FSV Mainz 05,6
FC Union Berlin,FC Kaiserslautern,16
FC Heidenheim 1846,SpVgg Unterhaching,8
FC Union Berlin,Eintracht Braunschweig,2
Borussia Dortmund,FC Bayern Minchen,4
Watford FC,West Bromwich Albion FC,3
RC Deportivo La Coruna,Real Betis,1
Schweinfurt,SV Sandhausen,2
Athletic Club,RC Celta de Vigo,1
Wolverhampton Wanderers FC,Norwich City FC,8
VfB Stuttgart,Energie Cottbus,4
Levante UD,Athletic Club,2
Real Sociedad de Football,FC Barcelona,2
Manchester City FC,Chelsea FC,4
SpVgg Unterhaching,FC Heidenheim 1846,0
SC Paderborn 07,FC Ingolstadt 04,2
Bolton Wanderers FC,Barnsley FC,3
VfL Wolfsburg,Hannover 96,3
Liverpool FC,Arsenal FC,14
Tottenham Hotspur FC,Newcastle United FC,4
Wolverhampton Wanderers FC,Ipswich Town,2
Swansea City FC,Crystal Palace FC,3
Manchester City FC,Swansea City FC,8
Norwich City FC,Ipswich Town,2
Burton Albion FC,Aston Villa FC,2
Blackburn Rovers FC,Gillingham FC,1
SC Freiburg,Germania Halberstadt,2
Chelsea FC,Manchester City FC,0
FSV Mainz 05,SC Freiburg,2
Athletic Club,CD Leganes,2
Watford FC,Chelsea FC,6
MSV Duisburg,FC Heidenheim 1846,10
Bor. Monchengladbach,Hamburger SV,6
Hertha BSC,FC Koln,6
FC Kaiserslautern,VfB Stuttgart,2
FC Kaiserslautern,Eintracht Braunschweig,6
Erzgebirge Aue,Fortuna Disseldorf,2
Newcastle United FC,Liverpool FC,2
Deportivo Alaves,Club Atletico de Madrid,0
SV Sandhausen,FC Kaiserslautern,4
RCD Espanyol,Malaga CF,2
Red Bull Leipzig,FC Koln,3
SC Freiburg,Hamburger SV,0
Manchester United FC,Brighton & Hove Albion,1
FC Barcelona,RCD Espanyol,12
Bolton Wanderers FC,Cardiff City FC,2
SpVgg Greuther Firth,FC Kaiserslautern,4
FC Ingolstadt 04,SC Paderborn 07,0
FC Kaiserslautern,Arminia Bielefeld,0
FC Augsburg,Red Bull Leipzig,1
Arminia Bielefeld,FC Union Berlin,4
Borussia Dortmund,VfL Wolfsburg,3
Qarabag Agdam FK,Chelsea FC,0
RC Deportivo La Coruna,RCD Espanyol,1
FC Bayern Minchen,Celtic FC,5
RC Celta de Vigo,RCD Espanyol,3
FC Union Berlin,SpVgg Greuther Firth,6
Fortuna Disseldorf,SpVgg Greuther Firth,4
Middlesbrough FC,Sunderland AFC,4
Bor. Monchengladbach,Werder Bremen,8
Millwall FC,Fulham FC,0
Fulham FC,Bristol City,1
Manchester United FC,Swansea City FC,8
Berliner FC Dynamo,FC Schalke 04,0
Club Atletico de Madrid,RCD Espanyol,0
Arminia Bielefeld,MSV Duisburg,4
RC Deportivo La Coruna,Getafe CF,2
Aston Villa FC,Fulham FC,4
Liverpool FC,Newcastle United FC,6
Tottenham Hotspur FC,West Ham United FC,4
Hannover 96,FC Schalke 04,4
Erzgebirge Aue,Dynamo Dresden,0
Bonner SC,Hannover 96,2
West Ham United FC,Manchester United FC,0
Watford FC,Manchester City FC,1
Villarreal CF,RCD Espanyol,1
Chelsea FC,FC Barcelona,2
Levante UD,FC Barcelona,0
Real Madrid CF,Malaga CF,6
Crystal Palace FC,Stoke City FC,2
UD Las Palmas,Levante UD,0
VfB Stuttgart,FC Kaiserslautern,6
FC Ingolstadt 04,Arminia Bielefeld,6
Real Madrid CF,Levante UD,6
Bor. Monchengladbach,Red Bull Leipzig,2
FC Augsburg,Borussia Dortmund,4
Southampton FC,Tottenham Hotspur FC,3
FC Augsburg,FC Bayern Minchen,0
RCD Espanyol,FC Barcelona,2
RC Celta de Vigo,Real Betis,4
FC Koln,Bor. Monchengladbach,4
Wigan Athletic FC,Bradford City AFC,2
Borussia Dortmund,Bayer Leverkusen,2
West Ham United FC,Liverpool FC,2
FC Union Berlin,Holstein Kiel,6
VfL Bochum,Eintracht Braunschweig,0
FC Nirnberg,Erzgebirge Aue,10
West Ham United FC,Tottenham Hotspur FC,3
FC Saarbrucken,FC Union Berlin,2
FSV Mainz 05,FC Schalke 04,0
Real Betis,Deportivo Alaves,5
FC Bayern Minchen,VfB Stuttgart,2
FC St. Pauli,FC Ingolstadt 04,2
Bolton Wanderers FC,Hull City FC,1
Red Bull Leipzig,Eintracht Frankfurt,3
FC Ingolstadt 04,Jahn Regensburg,8
Ipswich Town,Bolton Wanderers FC,3
Getafe CF,Athletic Club,4
Eintracht Frankfurt,FSV Mainz 05,8
MSV Duisburg,FC St. Pauli,4
Reading,Fulham FC,1
FC Heidenheim 1846,FC Kaiserslautern,6
Queens Park Rangers,Wolverhampton Wanderers FC,6
RC Deportivo La Coruna,FC Barcelona,0
Manchester United FC,West Ham United FC,4
Eintracht Braunschweig,FC Heidenheim 1846,4
Dynamo Dresden,Arminia Bielefeld,6
Stoke City FC,Brighton & Hove Albion,3
Wigan Athletic FC,Blackpool FC,3
UD Las Palmas,RCD Espanyol,2
Watford FC,Liverpool FC,3
Fortuna Disseldorf,Eintracht Braunschweig,6
SpVgg Greuther Firth,Jahn Regensburg,4
Burnley FC,Newcastle United FC,2
Holstein Kiel,SV Darmstadt 98,1
Girona FC,Real Betis,2
Brighton & Hove Albion,Liverpool FC,1
VfB Stuttgart,Red Bull Leipzig,0
Rotherham United,Wigan Athletic FC,1
Borussia Dortmund,FC Magdeburg,5
FC St. Pauli,Holstein Kiel,4
Hertha BSC,VfB Stuttgart,4
Manchester City FC,Tottenham Hotspur FC,8
Real Madrid CF,CD Leganes,3
Burton Albion FC,Sunderland AFC,0
Club Atletico de Madrid,FC Barcelona,2
Bolton Wanderers FC,Preston North End,1
Getafe CF,Real Madrid CF,4
Aston Villa FC,Derby County,0
Bolton Wanderers FC,Aston Villa FC,0
Hamburger SV,VfB Stuttgart,6
SV Sandhausen,Erzgebirge Aue,2
FC Ingolstadt 04,FC Union Berlin,4
FC Koln,TSG 1899 Hoffenheim,0
Fulham FC,Leeds United,0
VfL Osnabrick,FC Nirnberg,4
Leicester City FC,Newcastle United FC,3
Sunderland AFC,Norwich City FC,6
Peterborough United FC,Wigan Athletic FC,3
Getafe CF,SD Eibar,0
Club Atletico de Madrid,Real Betis,2
Real Sociedad de Football,Real Betis,4
AFC Bournemouth,Liverpool FC,0
Arsenal FC,Everton FC,20
FC Schalke 04,Bor. Monchengladbach,2
Aston Villa FC,Reading,1
SC Freiburg,Red Bull Leipzig,3
Sunderland AFC,Queens Park Rangers,2
VfB Stuttgart,FC Augsburg,2
West Bromwich Albion FC,Southampton FC,2
Burnley FC,Liverpool FC,2
FC Koln,Leher TS,5
Villarreal CF,Real Madrid CF,1
Fulham FC,Aston Villa FC,6
Liverpool FC,Leicester City FC,5
Arminia Bielefeld,SpVgg Greuther Firth,4
VfL Bochum,SV Darmstadt 98,8
Huddersfield Town,Everton FC,0
Holstein Kiel,Erzgebirge Aue,5
Blackburn Rovers FC,Southend United FC,1
FC Union Berlin,SV Sandhausen,4
Stoke City FC,West Ham United FC,0
Aston Villa FC,Sunderland AFC,10
Bolton Wanderers FC,Sheffield United FC,1
Fulham FC,Nottingham Forest,5
Nottingham Forest,Bolton Wanderers FC,3
Everton FC,Southampton FC,1
Hannover 96,FC Koln,2
Arsenal FC,Tottenham Hotspur FC,4
Malaga CF,Girona FC,0
FC Nirnberg,Jahn Regensburg,6
FC Koln,Hannover 96,2
RCD Espanyol,Club Atletico de Madrid,2
Preston North End,Aston Villa FC,1
Club Atletico de Madrid,CD Leganes,4
Eintracht Frankfurt,VfB Stuttgart,4
Queens Park Rangers,Burton Albion FC,3
Juventus Turin,FC Barcelona,0
Preston North End,Fulham FC,3
Wolverhampton Wanderers FC,Bristol City,5
Blackburn Rovers FC,Oldham Athletic AFC,2
Hannover 96,Red Bull Leipzig,1
Reading,Aston Villa FC,2
Tottenham Hotspur FC,Manchester City FC,2
Southampton FC,Manchester United FC,0
Borussia Dortmund,Bor. Monchengladbach,14
Blackburn Rovers FC,Rotherham United,3
Huddersfield Town,Liverpool FC,0
FC Nirnberg,FC Heidenheim 1846,0
Valencia CF,Malaga CF,7
Qarabag Agdam FK,Club Atletico de Madrid,1
Villarreal CF,Club Atletico de Madrid,1
Manchester United FC,West Bromwich Albion FC,4
FC Barcelona,Club Atletico de Madrid,4
Huddersfield Town,West Bromwich Albion FC,3
Sevilla FC,Athletic Club,2
Juventus Turin,Tottenham Hotspur FC,4
Jahn Regensburg,Erzgebirge Aue,0
Millwall FC,Queens Park Rangers,3
Valencia CF,Levante UD,4
Swansea City FC,Manchester United FC,0
Queens Park Rangers,Nottingham Forest,2
Everton FC,West Ham United FC,4
APOEL Nicosia,Real Madrid CF,0
MSV Duisburg,Eintracht Braunschweig,0
Dynamo Dresden,FC Nirnberg,2
Villarreal CF,Getafe CF,1
SV Sandhausen,FC Heidenheim 1846,2
Malaga CF,CD Leganes,0
Bor. Monchengladbach,Rot-Weiss Essen,2
Hamburger SV,Werder Bremen,0
West Ham United FC,Newcastle United FC,2
FC Union Berlin,FC Nirnberg,4
Eichede,FC Kaiserslautern,0
RCD Espanyol,Getafe CF,2
Bayer Leverkusen,VfL Wolfsburg,4
Levante UD,Club Atletico de Madrid,0
Club Atletico de Madrid,Valencia CF,1
Manchester United FC,Tottenham Hotspur FC,2
FC Union Berlin,VfL Bochum,2
SC Freiburg,Bor. Monchengladbach,2
FC Kaiserslautern,Jahn Regensburg,2
FC Union Berlin,Bayer Leverkusen,2
SV Sandhausen,Arminia Bielefeld,6
Red Bull Leipzig,Hertha BSC,2
Burnley FC,Stoke City FC,1
FC Augsburg,FC Schalke 04,4
FC Koln,SC Freiburg,6
Leicester City FC,Swansea City FC,3
Hull City FC,Norwich City FC,5
Bristol City,Norwich City FC,0
MSV Duisburg,VfL Bochum,6
Swansea City FC,Southampton FC,0
FC Kaiserslautern,SV Sandhausen,0
Milton Keynes Dons,Blackburn Rovers FC,1
Portsmouth,Wigan Athletic FC,1
Leicester City FC,Chelsea FC,1
Arminia Bielefeld,Jahn Regensburg,8
Eintracht Frankfurt,FC Bayern Minchen,0
Chelsea FC,Burnley FC,2
Everton FC,West Bromwich Albion FC,2
Rotherham United,Blackburn Rovers FC,1
FC Schalke 04,SV Wehen Wiesbaden,6
Red Bull Leipzig,Werder Bremen,2
Middlesbrough FC,Fulham FC,1
RCD Espanyol,Real Madrid CF,2
FC Schalke 04,Hamburger SV,4
Wolverhampton Wanderers FC,Millwall FC,3
Manchester City FC,Stoke City FC,18
CD Leganes,Real Betis,2
Blackburn Rovers FC,Plymouth Argyle,1
FC Heidenheim 1846,FC Union Berlin,8
Chelsea FC,Qarabag Agdam FK,10
Norwich City FC,Fulham FC,2
VfL Bochum,Fortuna Disseldorf,0
FC Kaiserslautern,FC Union Berlin,8
Holstein Kiel,FSV Mainz 05,2
Sheffield United FC,Queens Park Rangers,2
Valencia CF,Club Atletico de Madrid,0
SpVgg Greuther Firth,Dynamo Dresden,4
FC Ingolstadt 04,SV Sandhausen,0
Swansea City FC,Watford FC,3
Burnley FC,Chelsea FC,3
Liverpool FC,Crystal Palace FC,1
Burnley FC,West Bromwich Albion FC,0
Borussia Dortmund,FSV Mainz 05,4
Chelsea FC,Newcastle United FC,6
Burnley FC,Manchester United FC,2
Cardiff City FC,Norwich City FC,3
Sheffield Wednesday,Wolverhampton Wanderers FC,0
FC Bayern Minchen,Werder Bremen,12
Fortuna Disseldorf,FC Union Berlin,8
Real Betis,Malaga CF,4
Eintracht Frankfurt,Schweinfurt,4
SC Freiburg,Bayer Leverkusen,0
Leicester City FC,Tottenham Hotspur FC,2
Portsmouth,Blackburn Rovers FC,1
CD Leganes,RCD Espanyol,4
FC Bayern Minchen,FC Augsburg,6
MSV Duisburg,SV Darmstadt 98,6
Barnsley FC,Queens Park Rangers,1
Wigan Athletic FC,Scunthorpe United FC,5
Getafe CF,Girona FC,0
Chelsea FC,Crystal Palace FC,3
Hannover 96,Borussia Dortmund,8
Nottingen,VfL Bochum,2
Rochdale AFC,Blackburn Rovers FC,0
FC Schalke 04,TSG 1899 Hoffenheim,4
West Bromwich Albion FC,Chelsea FC,0
FC Barcelona,Olympiacos F.C.,3
FSV Mainz 05,Hannover 96,4
Manchester United FC,Crystal Palace FC,7
FC Koln,FC Schalke 04,4
Levante UD,CD Leganes,0
Borussia Dortmund,Werder Bremen,2
Deportivo Alaves,FC Barcelona,1
Tottenham Hotspur FC,Liverpool FC,12
FC Barcelona,Real Sociedad de Football,4
FC Nirnberg,FC Kaiserslautern,8
Queens Park Rangers,Norwich City FC,0
Besiktas JK,FC Bayern Minchen,1
Eintracht Frankfurt,FC Augsburg,2
Wigan Athletic FC,Charlton Athletic,3
Sunderland AFC,Bolton Wanderers FC,6
RCD Espanyol,UD Las Palmas,2
Arsenal FC,Southampton FC,1
Middlesbrough FC,Bolton Wanderers FC,5
Club Atletico de Madrid,RC Deportivo La Coruna,1
CD Leganes,Club Atletico de Madrid,0
FC Schalke 04,Eintracht Frankfurt,4
Erzgebirge Aue,VfL Bochum,2
Swansea City FC,AFC Bournemouth,0
Burnley FC,Arsenal FC,0
Levante UD,Girona FC,1
VfL Bochum,FC Heidenheim 1846,2
Sunderland AFC,Fulham FC,2
Borussia Dortmund,Hertha BSC,6
AFC Bournemouth,Arsenal FC,2
Wigan Athletic FC,Southend United FC,4
Bristol City,Fulham FC,3
Bor. Monchengladbach,VfB Stuttgart,4
West Bromwich Albion FC,Manchester United FC,2
Southampton FC,Chelsea FC,0
Bolton Wanderers FC,Leeds United,2
Erzgebirge Aue,Eintracht Braunschweig,4
Bayer Leverkusen,FC Bayern Minchen,4
Hamburger SV,VfL Osnabrick,2
SV Darmstadt 98,Holstein Kiel,1
Werder Bremen,TSG 1899 Hoffenheim,4
Fortuna Disseldorf,VfL Bochum,0
Manchester City FC,Everton FC,2
Sevilla FC,FC Barcelona,1
Swansea City FC,Arsenal FC,8
Levante UD,UD Las Palmas,2
Arsenal FC,Brighton & Hove Albion,3
Fulham FC,Birmingham City,1
Hertha BSC,TSG 1899 Hoffenheim,4
VfB Stuttgart,Hannover 96,2
SC Freiburg,FSV Mainz 05,4
Swansea City FC,Burnley FC,1
Jahn Regensburg,Eintracht Braunschweig,6
Erzgebirge Aue,SpVgg Greuther Firth,2
Arsenal FC,West Ham United FC,0
Wolverhampton Wanderers FC,Bolton Wanderers FC,10
Erzgebirge Aue,Arminia Bielefeld,2
Hertha BSC,FC Schalke 04,0
FC Augsburg,Hannover 96,8
Getafe CF,CD Leganes,2
VfL Bochum,FC Nirnberg,2
Bolton Wanderers FC,Millwall FC,1
Swansea City FC,Brighton & Hove Albion,1
FC Augsburg,TSG 1899 Hoffenheim,4
Norwich City FC,Nottingham Forest,0
Eintracht Braunschweig,FC Kaiserslautern,4
SD Eibar,Levante UD,3
FC Augsburg,FSV Mainz 05,6
FC Koln,VfL Wolfsburg,1
SD Eibar,Getafe CF,0
Getafe CF,RC Celta de Vigo,4
Bolton Wanderers FC,Bristol City,1
AFC Wimbledon,Wigan Athletic FC,0
Brighton & Hove Albion,Arsenal FC,2
Dynamo Dresden,SpVgg Greuther Firth,2
Dynamo Dresden,SC Freiburg,2
FC Schalke 04,VfB Stuttgart,10
Bor. Monchengladbach,VfL Wolfsburg,0
Valencia CF,RCD Espanyol,2
Doncaster Rovers FC,Blackburn Rovers FC,3
Burton Albion FC,Norwich City FC,0
Aston Villa FC,Bolton Wanderers FC,2
Sheffield United FC,Fulham FC,4
Brighton & Hove Albion,Chelsea FC,0
Manchester City FC,West Ham United FC,2
Arminia Bielefeld,FC St. Pauli,10
FC Heidenheim 1846,Fortuna Disseldorf,4
Arminia Bielefeld,FC Nirnberg,6
Hannover 96,Bonner SC,6
Jahn Regensburg,SpVgg Greuther Firth,6
Stoke City FC,Swansea City FC,4
Fulham FC,Burton Albion FC,7
FC Barcelona,Getafe CF,4
Athletic Club,Club Atletico de Madrid,2
Liverpool FC,FC Porto,5
Real Betis,Girona FC,2
Birmingham City,Wolverhampton Wanderers FC,0
Norwich City FC,Bolton Wanderers FC,2
Bor. Monchengladbach,Eintracht Frankfurt,0
Brighton & Hove Albion,Swansea City FC,5
Tottenham Hotspur FC,Everton FC,14
Aston Villa FC,Hull City FC,1
Norwich City FC,Brentford FC,2
Blackburn Rovers FC,Fleetwood Town FC,4
Liverpool FC,Huddersfield Town,6
Brentford FC,Bolton Wanderers FC,5
FSV Mainz 05,Werder Bremen,4
FC Barcelona,UD Las Palmas,4
RC Celta de Vigo,Club Atletico de Madrid,0
Leicester City FC,Manchester City FC,1
Millwall FC,Wolverhampton Wanderers FC,2
Arminia Bielefeld,FC Kaiserslautern,4
Eintracht Braunschweig,Arminia Bielefeld,4
FC Bayern Minchen,VfL Wolfsburg,4
FC Koln,Red Bull Leipzig,3
FC Nirnberg,VfL Osnabrick,6
Everton FC,Manchester City FC,2
Leeds United,Aston Villa FC,1
Eintracht Frankfurt,Bor. Monchengladbach,6
Eintracht Braunschweig,Holstein Kiel,1
FC Barcelona,Athletic Club,4
SV Wehen Wiesbaden,Erzgebirge Aue,4
Hull City FC,Sunderland AFC,1
NK Maribor,Liverpool FC,0
West Bromwich Albion FC,AFC Bournemouth,1
Tottenham Hotspur FC,Real Madrid CF,8
TSG 1899 Hoffenheim,FC Schalke 04,6
Getafe CF,Deportivo Alaves,4
Brighton & Hove Albion,Manchester City FC,0
Birmingham City,Fulham FC,0
Manchester City FC,Leicester City FC,7
Borussia Dortmund,FC Koln,16
Walsall FC,Wigan Athletic FC,0
Sunderland AFC,Derby County,1
FSV Mainz 05,Hamburger SV,6
Aston Villa FC,Nottingham Forest,3
West Bromwich Albion FC,Swansea City FC,0
Werder Bremen,Hamburger SV,2
Manchester United FC,Huddersfield Town,3
Bayer Leverkusen,Eintracht Frankfurt,2
Newcastle United FC,Leicester City FC,2
SV Sandhausen,VfL Bochum,0
Ipswich Town,Wolverhampton Wanderers FC,0
FC St. Pauli,Eintracht Braunschweig,4
FC Nirnberg,SpVgg Greuther Firth,6
FC Schalke 04,Hannover 96,2
Fulham FC,Sunderland AFC,0
FC Koln,Hertha BSC,6
Jahn Regensburg,FC Ingolstadt 04,14
Getafe CF,Club Atletico de Madrid,0
Huddersfield Town,Arsenal FC,0
Manchester City FC,Shakhtar Donetsk,3
Wigan Athletic FC,Rochdale AFC,1
Erzgebirge Aue,FC Union Berlin,2
FC Kaiserslautern,SV Darmstadt 98,6
SpVgg Greuther Firth,Erzgebirge Aue,4
Club Atletico de Madrid,Real Madrid CF,0
VfL Bochum,FC Kaiserslautern,0
Club Atletico de Madrid,UD Las Palmas,8
Nottingham Forest,Aston Villa FC,1
Fulham FC,Millwall FC,1
FC St. Pauli,Dynamo Dresden,10
Rot-Weiss Essen,Bor. Monchengladbach,1
FC Schalke 04,Red Bull Leipzig,3
Bor. Monchengladbach,TSG 1899 Hoffenheim,6
SpVgg Greuther Firth,FC Nirnberg,6
Chelsea FC,West Ham United FC,0
FC Union Berlin,Arminia Bielefeld,4
MSV Duisburg,FC Union Berlin,2
Queens Park Rangers,Sheffield Wednesday,1
Fulham FC,Preston North End,4
Eintracht Frankfurt,VfL Wolfsburg,3
Eintracht Frankfurt,SC Freiburg,2
Oldham Athletic AFC,Wigan Athletic FC,0
Bayer Leverkusen,Karlsruher SC,0
Sevilla FC,Levante UD,0
FC Heidenheim 1846,MSV Duisburg,8
FC Ingolstadt 04,FC Kaiserslautern,2
Liverpool FC,Burnley FC,3
Chelsea FC,Southampton FC,1
Rochdale AFC,Wigan Athletic FC,0
Real Madrid CF,Sevilla FC,5
FC Rielasingen-Arlen,Borussia Dortmund,0
Villarreal CF,Athletic Club,1
Fulham FC,Bolton Wanderers FC,4
SpVgg Greuther Firth,Fortuna Disseldorf,8
Real Madrid CF,Valencia CF,6
FC Schalke 04,Berliner FC Dynamo,2
VfL Bochum,Nottingen,5
FC Barcelona,Girona FC,9
Bury FC,Wigan Athletic FC,1
Bristol City,Bolton Wanderers FC,2
Getafe CF,Valencia CF,1
SC Freiburg,FC Augsburg,6
Wolverhampton Wanderers FC,Sunderland AFC,0
Shrewsbury Town FC,Blackburn Rovers FC,2
FC Union Berlin,SV Darmstadt 98,6
Fortuna Disseldorf,Erzgebirge Aue,8
Everton FC,Huddersfield Town,2
Borussia Dortmund,APOEL Nicosia,2
Bolton Wanderers FC,Birmingham City,0
Blackburn Rovers FC,Rochdale AFC,5
TSG 1899 Hoffenheim,Hamburger SV,0
Liverpool FC,Southampton FC,5
Getafe CF,RC Deportivo La Coruna,4
Wolverhampton Wanderers FC,Barnsley FC,2
Norwich City FC,Hull City FC,4
Wolverhampton Wanderers FC,Brentford FC,3
FC Koln,Bayer Leverkusen,2
Everton FC,Watford FC,3
FC Ingolstadt 04,Erzgebirge Aue,2
Watford FC,Tottenham Hotspur FC,1
West Bromwich Albion FC,Tottenham Hotspur FC,2
Sevilla FC,Club Atletico de Madrid,2
AFC Bournemouth,Newcastle United FC,3
FC Heidenheim 1846,Holstein Kiel,4
Fortuna Disseldorf,FC Ingolstadt 04,0
RCD Espanyol,Real Betis,2
Manchester City FC,Watford FC,9
FC Bayern Minchen,Borussia Dortmund,10
Queens Park Rangers,Cardiff City FC,3
West Bromwich Albion FC,Crystal Palace FC,0
Manchester City FC,Huddersfield Town,2
Sunderland AFC,Middlesbrough FC,3
SD Eibar,FC Barcelona,1
AFC Wimbledon,Blackburn Rovers FC,1
Fortuna Disseldorf,FC St. Pauli,8
FC Ingolstadt 04,Holstein Kiel,0
Millwall FC,Aston Villa FC,0
Watford FC,Everton FC,3
Norwich City FC,Burton Albion FC,0
Athletic Club,Real Sociedad de Football,0
Girona FC,RCD Espanyol,1
Bayer Leverkusen,FC Koln,4
Eintracht Braunschweig,Dynamo Dresden,2
Charlton Athletic,Blackburn Rovers FC,0
FC Barcelona,Real Betis,14
Athletic Club,UD Las Palmas,0
VfL Wolfsburg,VfB Stuttgart,1
Wigan Athletic FC,Doncaster Rovers FC,3
Real Madrid CF,RC Deportivo La Coruna,10
RCD Espanyol,Valencia CF,0
Aston Villa FC,Norwich City FC,8
Fortuna Disseldorf,FC Nirnberg,0
Wirzburger Kickers,Werder Bremen,0
Liverpool FC,Chelsea FC,2
Bolton Wanderers FC,Fulham FC,4
Newcastle United FC,Brighton & Hove Albion,0
AS Roma,Chelsea FC,6
Preston North End,Wolverhampton Wanderers FC,3
VfL Wolfsburg,Bor. Monchengladbach,3
Levante UD,Real Madrid CF,6
Borussia Dortmund,Red Bull Leipzig,3
Queens Park Rangers,Aston Villa FC,8
TSG 1899 Hoffenheim,Bayer Leverkusen,6
Eintracht Braunschweig,Erzgebirge Aue,8
Real Madrid CF,Club Atletico de Madrid,0
Sunderland AFC,Sheffield Wednesday,1
Aston Villa FC,Ipswich Town,2
Aston Villa FC,Cardiff City FC,0
Liverpool FC,Swansea City FC,10
FC St. Pauli,Arminia Bielefeld,0
SC Freiburg,Dynamo Dresden,6
Aston Villa FC,Wolverhampton Wanderers FC,8
Eintracht Frankfurt,Erndtebrick,3
Wolverhampton Wanderers FC,Reading,5
Wigan Athletic FC,Bury FC,4
Fulham FC,Wolverhampton Wanderers FC,4
Malaga CF,Real Madrid CF,4
Bristol City,Aston Villa FC,1
Blackburn Rovers FC,Portsmouth,5
Everton FC,Arsenal FC,6
Athletic Club,SD Eibar,2
Crystal Palace FC,Tottenham Hotspur FC,0
Villarreal CF,Real Betis,4
Sheffield Wednesday,Fulham FC,1
Huddersfield Town,Manchester United FC,2
Manchester United FC,Arsenal FC,6
Real Betis,Sevilla FC,5
TSG 1899 Hoffenheim,Rot-WeiErfurt,2
Norwich City FC,Sheffield United FC,2
Red Bull Leipzig,FC Schalke 04,3
Liverpool FC,Stoke City FC,6
SpVgg Greuther Firth,SV Darmstadt 98,2
Jahn Regensburg,Arminia Bielefeld,8
Eintracht Frankfurt,TSG 1899 Hoffenheim,2
Real Betis,Real Madrid CF,8
SC Freiburg,Hertha BSC,2
Manchester United FC,Southampton FC,1
Brighton & Hove Albion,Everton FC,1
Paris Saint-Germain,Real Madrid CF,2
Bayer Leverkusen,Bor. Monchengladbach,16
SV Darmstadt 98,FC Heidenheim 1846,6
Millwall FC,Norwich City FC,5
VfL Bochum,Jahn Regensburg,2
SL Benfica,Manchester United FC,0
Bolton Wanderers FC,Burton Albion FC,0
Hertha BSC,FC Bayern Minchen,4
Blackpool FC,Blackburn Rovers FC,2
Girona FC,Levante UD,2
FC Schalke 04,FC Koln,6
Everton FC,Liverpool FC,2
FC St. Pauli,FC Kaiserslautern,2
SV Darmstadt 98,Fortuna Disseldorf,0
Borussia Dortmund,FC Schalke 04,8
Aston Villa FC,Bristol City,6
Brentford FC,Queens Park Rangers,2
Arminia Bielefeld,Eintracht Braunschweig,4
RCD Espanyol,RC Celta de Vigo,4
Hamburger SV,Bayer Leverkusen,2
FC Heidenheim 1846,FC St. Pauli,6
CD Leganes,Getafe CF,1
Eintracht Frankfurt,FC Heidenheim 1846,0
Holstein Kiel,FC Union Berlin,5
Fortuna Disseldorf,MSV Duisburg,10
Tottenham Hotspur FC,Crystal Palace FC,2
UD Las Palmas,FC Barcelona,1
FC Schalke 04,Bayer Leverkusen,6
Swansea City FC,Stoke City FC,2
Leicester City FC,Manchester United FC,2
Bor. Monchengladbach,FC Bayern Minchen,4
Sunderland AFC,Hull City FC,2
Wigan Athletic FC,Bristol Rovers,3
Red Bull Leipzig,TSG 1899 Hoffenheim,0
Holstein Kiel,SV Sandhausen,3
Deportivo Alaves,Malaga CF,1
Manchester United FC,AFC Bournemouth,1
FC Bayern Minchen,SC Paderborn 07,12
Huddersfield Town,Stoke City FC,1
Arminia Bielefeld,Fortuna Disseldorf,6
FC Barcelona,Malaga CF,8
Spartak Moskva,Liverpool FC,1
Wolverhampton Wanderers FC,Nottingham Forest,2
SpVgg Greuther Firth,Arminia Bielefeld,2
Club Atletico de Madrid,Sevilla FC,7
Stoke City FC,Burnley FC,0
SV Sandhausen,Eintracht Braunschweig,2
Everton FC,Burnley FC,1
VfB Stuttgart,FC Koln,10
Barnsley FC,Sunderland AFC,4
Millwall FC,Sunderland AFC,3
Athletic Club,Valencia CF,3
Getafe CF,Sevilla FC,1
Werder Bremen,Hannover 96,8
Swansea City FC,Everton FC,2
SD Eibar,Club Atletico de Madrid,0
Real Betis,RC Celta de Vigo,4
FC Heidenheim 1846,Erzgebirge Aue,6
FSV Mainz 05,Eintracht Frankfurt,2
Norwich City FC,Barnsley FC,2
Malaga CF,Valencia CF,1
Blackburn Rovers FC,AFC Wimbledon,3
Queens Park Rangers,Sunderland AFC,4
Levante UD,Villarreal CF,2
FC Heidenheim 1846,SV Sandhausen,4
Swansea City FC,West Bromwich Albion FC,2
VfL Wolfsburg,SC Freiburg,3
Levante UD,RC Celta de Vigo,0
VfL Wolfsburg,FC Nirnberg,2
Real Madrid CF,RCD Espanyol,4
Borussia Dortmund,Hamburger SV,10
Cardiff City FC,Queens Park Rangers,3
FC St. Pauli,SV Sandhausen,2
Celtic FC,FC Bayern Minchen,1
Real Betis,Getafe CF,4
Nottingham Forest,Wolverhampton Wanderers FC,3
Newcastle United FC,AFC Bournemouth,2
FC Augsburg,Bor. Monchengladbach,4
Newcastle United FC,Crystal Palace FC,2
Fulham FC,Reading,1
VfL Wolfsburg,Borussia Dortmund,0
Bayer Leverkusen,FC Schalke 04,2
Derby County,Bolton Wanderers FC,2
Red Bull Leipzig,Hamburger SV,3
Southampton FC,West Bromwich Albion FC,4
FC St. Pauli,Fortuna Disseldorf,4
Sheffield Wednesday,Sunderland AFC,1
Eintracht Braunschweig,FC St. Pauli,0
Dynamo Dresden,FC Heidenheim 1846,10
Hertha BSC,FSV Mainz 05,0
Derby County,Aston Villa FC,2
Energie Cottbus,VfB Stuttgart,4
Werder Bremen,FC Koln,6
Liverpool FC,Watford FC,3
FC Bayern Minchen,TSG 1899 Hoffenheim,10
West Ham United FC,Everton FC,0
Crystal Palace FC,Arsenal FC,3
Holstein Kiel,Dynamo Dresden,3
Hannover 96,Bayer Leverkusen,8
Fleetwood Town FC,Wigan Athletic FC,0
Red Bull Leipzig,FSV Mainz 05,2
Brighton & Hove Albion,West Bromwich Albion FC,3
FC Hansa Rostock,Hertha BSC,0
Valencia CF,Athletic Club,4
Dynamo Dresden,Jahn Regensburg,6
Hannover 96,FC Augsburg,6
MSV Duisburg,Arminia Bielefeld,12
Wigan Athletic FC,Plymouth Argyle,4
Club Atletico de Madrid,Getafe CF,4
FC Heidenheim 1846,Jahn Regensburg,12
Wolverhampton Wanderers FC,Sheffield Wednesday,1
Arsenal FC,West Bromwich Albion FC,6
Arminia Bielefeld,FC Ingolstadt 04,2
VfL Wolfsburg,Hamburger SV,0
Brighton & Hove Albion,Tottenham Hotspur FC,0
Swansea City FC,Leicester City FC,2
SC Freiburg,FC Schalke 04,0
Tottenham Hotspur FC,Southampton FC,6
Walsall FC,Blackburn Rovers FC,2
Dynamo Dresden,SV Darmstadt 98,6
Blackburn Rovers FC,Shrewsbury Town FC,4
Bolton Wanderers FC,Ipswich Town,1
Manchester United FC,Liverpool FC,4
Scunthorpe United FC,Blackburn Rovers FC,2
FSV Mainz 05,Red Bull Leipzig,2
Real Madrid CF,Getafe CF,10
West Bromwich Albion FC,Liverpool FC,0
Sunderland AFC,Preston North End,2
Crystal Palace FC,Liverpool FC,0
Everton FC,Stoke City FC,2
SV Darmstadt 98,FC Kaiserslautern,4
Birmingham City,Queens Park Rangers,1
Arsenal FC,Leicester City FC,4
Manchester United FC,CSKA Moscow,6
Valencia CF,Real Betis,8
Bayer Leverkusen,TSG 1899 Hoffenheim,12
Manchester City FC,Brighton & Hove Albion,2
VfL Bochum,SC Paderborn 07,0
Deportivo Alaves,Getafe CF,1
FC Barcelona,Levante UD,6
Feyenoord Rotterdam,Manchester City FC,0
Brighton & Hove Albion,Newcastle United FC,1
West Ham United FC,Arsenal FC,0
Hannover 96,FC Bayern Minchen,2
FC Barcelona,Real Madrid CF,6
West Bromwich Albion FC,Manchester City FC,4
Blackburn Rovers FC,Doncaster Rovers FC,1
FC Barcelona,Chelsea FC,8
Erzgebirge Aue,FC Heidenheim 1846,4
Getafe CF,Real Betis,4
Arsenal FC,Liverpool FC,6
Werder Bremen,VfL Wolfsburg,4
Stoke City FC,Crystal Palace FC,1
West Bromwich Albion FC,Stoke City FC,4
FC Kaiserslautern,Dynamo Dresden,4
RCD Espanyol,RC Deportivo La Coruna,4
Levante UD,Malaga CF,0
FC Kaiserslautern,VfL Bochum,0
FSV Mainz 05,FC Koln,2
Manchester United FC,Sevilla FC,1
FC Heidenheim 1846,Eintracht Frankfurt,0
Liverpool FC,Manchester United FC,2
Wolverhampton Wanderers FC,Birmingham City,1
Sunderland AFC,Brentford FC,3
RCD Espanyol,Real Sociedad de Football,3
Liverpool FC,AFC Bournemouth,4
FC Ingolstadt 04,FC St. Pauli,8
Newcastle United FC,Everton FC,0
Northampton Town,Wigan Athletic FC,0
Bayer Leverkusen,FC Union Berlin,8
Bristol Rovers,Blackburn Rovers FC,1
Hertha BSC,Bayer Leverkusen,8
Schweinfurt,Eintracht Frankfurt,0
SpVgg Greuther Firth,FC Ingolstadt 04,2
Everton FC,Manchester United FC,0
FC Union Berlin,Fortuna Disseldorf,10
Sheffield United FC,Bolton Wanderers FC,1
Wigan Athletic FC,AFC Wimbledon,4
Borussia Dortmund,SC Freiburg,4
VfL Wolfsburg,FC Koln,0
Brentford FC,Sunderland AFC,5
MSV Duisburg,Jahn Regensburg,0
Bor. Monchengladbach,FSV Mainz 05,2
FC Augsburg,Eintracht Frankfurt,10
Manchester City FC,Crystal Palace FC,5
UD Las Palmas,Club Atletico de Madrid,1
Fulham FC,Sheffield Wednesday,0
Wigan Athletic FC,Gillingham FC,3
FC Nirnberg,FC Union Berlin,6
Sheffield Wednesday,Queens Park Rangers,1
Burton Albion FC,Queens Park Rangers,1
Manchester City FC,AFC Bournemouth,6
Crystal Palace FC,Manchester United FC,2
Bristol City,Wolverhampton Wanderers FC,4
Manchester City FC,SSC Napoli,6
Wigan Athletic FC,Shrewsbury Town FC,0
Club Atletico de Madrid,Deportivo Alaves,1
FC Ingolstadt 04,Fortuna Disseldorf,2
Eintracht Braunschweig,SV Sandhausen,2
FC Barcelona,Deportivo Alaves,4
FC Koln,Borussia Dortmund,4
Sunderland AFC,Bristol City,4
Reading,Sunderland AFC,3
FC Magdeburg,Borussia Dortmund,0
Wigan Athletic FC,Walsall FC,2
Huddersfield Town,Tottenham Hotspur FC,0
Milton Keynes Dons,Wigan Athletic FC,0
Athletic Club,Girona FC,2
Hannover 96,SC Freiburg,6
RCD Espanyol,SD Eibar,1
FC Koln,FC Bayern Minchen,0
VfB Stuttgart,Werder Bremen,0
Real Madrid CF,Real Sociedad de Football,8
Norwich City FC,Derby County,2
Club Atletico de Madrid,Chelsea FC,4
Sunderland AFC,Burton Albion FC,2
FC Schalke 04,FC Bayern Minchen,2
FC Kaiserslautern,Eichede,4
AFC Bournemouth,Swansea City FC,0
Deportivo Alaves,Levante UD,3
FC Ingolstadt 04,SV Darmstadt 98,8
FC Union Berlin,Dynamo Dresden,0
West Ham United FC,West Bromwich Albion FC,2
Reading,Queens Park Rangers,0
Queens Park Rangers,Ipswich Town,2
Hertha BSC,Eintracht Frankfurt,2
VfL Wolfsburg,Hertha BSC,3
Hull City FC,Aston Villa FC,1
FC Kaiserslautern,FC St. Pauli,2
Erzgebirge Aue,MSV Duisburg,0
Liverpool FC,Manchester City FC,8
FC Koln,Eintracht Frankfurt,4
SV Darmstadt 98,Arminia Bielefeld,8
Stoke City FC,Liverpool FC,0
Getafe CF,Real Sociedad de Football,2
Swansea City FC,West Ham United FC,4
Tottenham Hotspur FC,Manchester United FC,4
Sevilla FC,Real Madrid CF,0
TSG 1899 Hoffenheim,Hertha BSC,4
SV Sandhausen,FC Union Berlin,4
AFC Bournemouth,West Bromwich Albion FC,0
Everton FC,Tottenham Hotspur FC,0
Girona FC,Malaga CF,1
FC Barcelona,Sevilla FC,2
Real Betis,Levante UD,12
Real Madrid CF,Paris Saint-Germain,5
SC Freiburg,Eintracht Frankfurt,2
Eintracht Braunschweig,Fortuna Disseldorf,4
Southampton FC,Arsenal FC,1
Aston Villa FC,Preston North End,3
FSV Mainz 05,VfB Stuttgart,12
UD Las Palmas,Athletic Club,1
Bayer Leverkusen,SC Freiburg,8
Derby County,Queens Park Rangers,3
UD Las Palmas,Real Betis,1
Chelsea FC,Manchester United FC,4
Real Madrid CF,UD Las Palmas,3
Bury FC,Blackburn Rovers FC,0
TSG 1899 Hoffenheim,SC Freiburg,6
VfB Stuttgart,FC Bayern Minchen,0
TSG 1899 Hoffenheim,VfL Wolfsburg,4
Sunderland AFC,Wolverhampton Wanderers FC,0
Getafe CF,UD Las Palmas,2
Erzgebirge Aue,FC Ingolstadt 04,4
Blackburn Rovers FC,Charlton Athletic,2
Norwich City FC,Wolverhampton Wanderers FC,4
Hertha BSC,Hamburger SV,4
Arminia Bielefeld,Dynamo Dresden,8
VfB Stuttgart,SC Freiburg,10
Stoke City FC,Huddersfield Town,3
SpVgg Greuther Firth,Holstein Kiel,1
Athletic Club,RC Deportivo La Coruna,2
Bolton Wanderers FC,Wolverhampton Wanderers FC,2
Newcastle United FC,Swansea City FC,4
RCD Espanyol,Deportivo Alaves,0
FC Augsburg,Hamburger SV,2
Plymouth Argyle,Blackburn Rovers FC,3
Bor. Monchengladbach,Hannover 96,6
Preston North End,Bolton Wanderers FC,3
MSV Duisburg,SV Sandhausen,2
Wolverhampton Wanderers FC,Queens Park Rangers,6
Queens Park Rangers,Barnsley FC,2
Sheffield United FC,Sunderland AFC,5
Ipswich Town,Fulham FC,1
Crystal Palace FC,Everton FC,3
SC Freiburg,Hannover 96,4
Stoke City FC,AFC Bournemouth,2
Erzgebirge Aue,Holstein Kiel,2
FC Ingolstadt 04,FC Nirnberg,4
Queens Park Rangers,Hull City FC,2
Athletic Club,Malaga CF,10
Sunderland AFC,Aston Villa FC,2
Derby County,Wolverhampton Wanderers FC,0
West Bromwich Albion FC,Burnley FC,1
Leeds United,Sunderland AFC,2
Erzgebirge Aue,SV Wehen Wiesbaden,0
MSV Duisburg,Erzgebirge Aue,6
Real Betis,Real Sociedad de Football,4
Hannover 96,VfB Stuttgart,2
Red Bull Leipzig,VfB Stuttgart,1
VfL Wolfsburg,FSV Mainz 05,2
RC Celta de Vigo,Real Madrid CF,2
FC Ingolstadt 04,SpVgg Greuther Firth,14
Paris Saint-Germain,FC Bayern Minchen,4
Arsenal FC,Manchester United FC,2
Blackburn Rovers FC,Scunthorpe United FC,3
Manchester United FC,Burnley FC,3
SV Darmstadt 98,FC Union Berlin,6
FC Basel,Manchester City FC,2
Crystal Palace FC,Manchester City FC,0
Blackburn Rovers FC,Bury FC,5
Leicester City FC,Liverpool FC,3
FSV Mainz 05,Bayer Leverkusen,6
FC Ingolstadt 04,TSV 1860 Minchen,4
TSG 1899 Hoffenheim,FSV Mainz 05,14
MSV Duisburg,Fortuna Disseldorf,4
Nottingham Forest,Fulham FC,1
Gillingham FC,Blackburn Rovers FC,0
VfB Stuttgart,FC Schalke 04,2
Aston Villa FC,Leeds United,1
FC Heidenheim 1846,Eintracht Braunschweig,4
Bayer Leverkusen,Hamburger SV,10
Bolton Wanderers FC,Brentford FC,0
Sevilla FC,Real Betis,3
Erzgebirge Aue,Jahn Regensburg,2
Deportivo Alaves,Athletic Club,0
AFC Bournemouth,Chelsea FC,3
Holstein Kiel,Fortuna Disseldorf,2
Cardiff City FC,Sunderland AFC,6
Stoke City FC,Everton FC,0
Norwich City FC,Sunderland AFC,2
Club Atletico de Madrid,Real Sociedad de Football,2
Werder Bremen,FC Augsburg,0
Hannover 96,TSG 1899 Hoffenheim,4
Sheffield United FC,Aston Villa FC,2
West Ham United FC,Swansea City FC,2
FC Bayern Minchen,Bayer Leverkusen,12
VfL Wolfsburg,Werder Bremen,2
Manchester United FC,Leicester City FC,4
Eintracht Braunschweig,MSV Duisburg,0
Stoke City FC,Tottenham Hotspur FC,2
Bayer Leverkusen,Hannover 96,8
Girona FC,FC Barcelona,1
SV Darmstadt 98,FC St. Pauli,8
RC Celta de Vigo,Athletic Club,3
VfL Wolfsburg,TSG 1899 Hoffenheim,1
FC Heidenheim 1846,Arminia Bielefeld,6
Southampton FC,Everton FC,4
Arminia Bielefeld,Erzgebirge Aue,2
Hamburger SV,FC Augsburg,2
FC Bayern Minchen,RSC Anderlecht,5
Real Madrid CF,Real Betis,10
Holstein Kiel,Arminia Bielefeld,2
FC Schalke 04,FSV Mainz 05,6
Fortuna Disseldorf,SV Darmstadt 98,2
Southampton FC,Manchester City FC,1
Valencia CF,Real Madrid CF,3
Deportivo Alaves,Real Madrid CF,1
Newcastle United FC,Tottenham Hotspur FC,0
FC Schalke 04,FC Augsburg,6
Tottenham Hotspur FC,Watford FC,1
Eintracht Braunschweig,SV Darmstadt 98,4
Newcastle United FC,West Ham United FC,6
MSV Duisburg,Holstein Kiel,1
Real Madrid CF,Deportivo Alaves,6
Norwich City FC,Aston Villa FC,4
Liverpool FC,Brighton & Hove Albion,5
Fleetwood Town FC,Blackburn Rovers FC,3
SV Sandhausen,MSV Duisburg,0
Fortuna Disseldorf,Arminia Bielefeld,14
TSG 1899 Hoffenheim,Red Bull Leipzig,4
RCD Espanyol,CD Leganes,2
Holstein Kiel,MSV Duisburg,8
Sunderland AFC,Barnsley FC,0
Blackburn Rovers FC,Wigan Athletic FC,4
Ipswich Town,Norwich City FC,1
FC St. Pauli,Jahn Regensburg,4
Tottenham Hotspur FC,AFC Bournemouth,5
Sheffield United FC,Wolverhampton Wanderers FC,2
FC Barcelona,SD Eibar,8
MSV Duisburg,FC Nirnberg,6
Newcastle United FC,Chelsea FC,2
SV Sandhausen,FC Ingolstadt 04,2
Aston Villa FC,Barnsley FC,6
Arsenal FC,Newcastle United FC,2
Norwich City FC,Bristol City,1
Bradford City AFC,Wigan Athletic FC,2
Newcastle United FC,Huddersfield Town,0
FSV Mainz 05,Holstein Kiel,3
Wigan Athletic FC,Oxford United,7
FC Schalke 04,Borussia Dortmund,8
VfB Stuttgart,Bayer Leverkusen,0
Olympiacos F.C.,FC Barcelona,1
Blackburn Rovers FC,Peterborough United FC,3
SC Freiburg,TSG 1899 Hoffenheim,8
Morlautern,SpVgg Greuther Firth,0
Scunthorpe United FC,Wigan Athletic FC,4
Wolverhampton Wanderers FC,Sheffield United FC,3
Preston North End,Norwich City FC,1
Fulham FC,Barnsley FC,5
Swansea City FC,Tottenham Hotspur FC,0
FC Barcelona,RC Celta de Vigo,2
Tottenham Hotspur FC,Leicester City FC,1
Valencia CF,Getafe CF,0
Leeds United,Fulham FC,0
Malaga CF,Villarreal CF,0
Watford FC,Stoke City FC,0
FC Bayern Minchen,Paris Saint-Germain,3
Liverpool FC,West Ham United FC,8
Barnsley FC,Aston Villa FC,1
Hertha BSC,Werder Bremen,2
Bolton Wanderers FC,Norwich City FC,4
Tottenham Hotspur FC,West Bromwich Albion FC,2
Sheffield United FC,Norwich City FC,2
Real Betis,SD Eibar,0
FC Bayern Minchen,Red Bull Leipzig,3
Nottingham Forest,Queens Park Rangers,9
Girona FC,Real Madrid CF,2
TSG 1899 Hoffenheim,Bor. Monchengladbach,2
Girona FC,Club Atletico de Madrid,3
Norwich City FC,Birmingham City,3
Dynamo Dresden,FC St. Pauli,6
Erndtebrick,Eintracht Frankfurt,0
Red Bull Leipzig,FC Bayern Minchen,1
Real Betis,UD Las Palmas,0
Real Sociedad de Football,RCD Espanyol,2
FC Nirnberg,Arminia Bielefeld,2
Werder Bremen,Bayer Leverkusen,4
Newcastle United FC,Watford FC,0
Arminia Bielefeld,SV Sandhausen,2
Tottenham Hotspur FC,Chelsea FC,2
Stoke City FC,Watford FC,1
VfB Stuttgart,Bor. Monchengladbach,2
Derby County,Sunderland AFC,1
Hertha BSC,SC Freiburg,2
Burnley FC,Everton FC,3
Swansea City FC,Chelsea FC,0
Hamburger SV,FC Bayern Minchen,0
Holstein Kiel,FC Heidenheim 1846,7
FC Nirnberg,FC Ingolstadt 04,2
Manchester City FC,Burnley FC,4
Manchester United FC,Manchester City FC,2
FC Augsburg,VfB Stuttgart,0
West Ham United FC,Stoke City FC,3
Sevilla FC,Getafe CF,2
VfB Stuttgart,FSV Mainz 05,8
FC Schalke 04,SC Freiburg,2
Fulham FC,Derby County,3
Queens Park Rangers,Sheffield United FC,2
Cardiff City FC,Fulham FC,3
Newcastle United FC,West Bromwich Albion FC,4
Queens Park Rangers,Brentford FC,2
Chelsea FC,Leicester City FC,2
Cardiff City FC,Aston Villa FC,3
SSC Napoli,Manchester City FC,3
Hamburger SV,FC Schalke 04,0
Holstein Kiel,VfL Bochum,4
Bor. Monchengladbach,SC Freiburg,0
Chelsea FC,Everton FC,4
Shrewsbury Town FC,Wigan Athletic FC,1
FC Kaiserslautern,Erzgebirge Aue,2
Eintracht Frankfurt,Bayer Leverkusen,0
Hannover 96,Hamburger SV,6
Middlesbrough FC,Queens Park Rangers,6
Malaga CF,FC Barcelona,0
Hull City FC,Fulham FC,3
Preston North End,Sunderland AFC,2
SpVgg Greuther Firth,FC St. Pauli,8
APOEL Nicosia,Borussia Dortmund,2
Wolverhampton Wanderers FC,Hull City FC,3
Burton Albion FC,Bolton Wanderers FC,1
Chelsea FC,AS Roma,3
FC Bayern Minchen,Hertha BSC,4
Swansea City FC,Newcastle United FC,2
Barnsley FC,Fulham FC,2
AFC Bournemouth,Manchester City FC,1
Crystal Palace FC,Swansea City FC,1
TSG 1899 Hoffenheim,Werder Bremen,4
Malaga CF,Deportivo Alaves,0
Sheffield Wednesday,Aston Villa FC,4
Holstein Kiel,FC St. Pauli,2
Stoke City FC,Chelsea FC,0
Hertha BSC,Borussia Dortmund,2
Hertha BSC,Bor. Monchengladbach,4
Aston Villa FC,Burton Albion FC,7
Aston Villa FC,Brentford FC,1
SV Darmstadt 98,SpVgg Greuther Firth,4
FSV Mainz 05,TSG 1899 Hoffenheim,8
Queens Park Rangers,Reading,2
MSV Duisburg,Dynamo Dresden,4
Werder Bremen,Wirzburger Kickers,3
Red Bull Leipzig,Hannover 96,2
Levante UD,Deportivo Alaves,0
Leeds United,Bolton Wanderers FC,3
Southend United FC,Wigan Athletic FC,3
Werder Bremen,FSV Mainz 05,4
AFC Bournemouth,Stoke City FC,4
Sporting CP,FC Barcelona,0
Aston Villa FC,Sheffield Wednesday,5
Eintracht Braunschweig,FC Union Berlin,4
Real Madrid CF,Girona FC,1
Levante UD,Valencia CF,2
Tottenham Hotspur FC,Juventus Turin,3
Middlesbrough FC,Wolverhampton Wanderers FC,0
SV Sandhausen,Schweinfurt,1
SC Paderborn 07,FC Bayern Minchen,0
Wigan Athletic FC,Portsmouth,1
FC Barcelona,Juventus Turin,3
Real Betis,CD Leganes,3
Leicester City FC,West Bromwich Albion FC,5
RC Deportivo La Coruna,Malaga CF,2
Leeds United,Queens Park Rangers,3
Queens Park Rangers,Millwall FC,2
Villarreal CF,Levante UD,2
Fortuna Disseldorf,Bor. Monchengladbach,0
Getafe CF,FC Barcelona,2
Blackburn Rovers FC,Oxford United,4
FC Ingolstadt 04,Dynamo Dresden,4
FSV Mainz 05,FC Augsburg,2
Jahn Regensburg,MSV Duisburg,8
Chelsea FC,Brighton & Hove Albion,6
Chelsea FC,Arsenal FC,4
Manchester United FC,Watford FC,4
VfL Wolfsburg,FC Schalke 04,1
Birmingham City,Sunderland AFC,4
Everton FC,Swansea City FC,6
Hamburger SV,Bor. Monchengladbach,2
Fulham FC,Cardiff City FC,5
Bayer Leverkusen,VfB Stuttgart,4
SD Eibar,Real Betis,5
Burton Albion FC,Wolverhampton Wanderers FC,0
Peterborough United FC,Blackburn Rovers FC,2
Jahn Regensburg,FC St. Pauli,4
FC Augsburg,Bayer Leverkusen,2
APOEL Nicosia,Tottenham Hotspur FC,0
FC Augsburg,Werder Bremen,6
Levante UD,Getafe CF,4
FC Magdeburg,FC Augsburg,2
Chelsea FC,Stoke City FC,18
Arsenal FC,Huddersfield Town,5
Sheffield Wednesday,Bolton Wanderers FC,2
Leeds United,Norwich City FC,1
Real Madrid CF,Tottenham Hotspur FC,4
Borussia Dortmund,FC Rielasingen-Arlen,4
Real Betis,Club Atletico de Madrid,0
Arminia Bielefeld,SV Darmstadt 98,10
CSKA Moscow,Manchester United FC,2
Getafe CF,Villarreal CF,4
Aston Villa FC,Birmingham City,2
Real Madrid CF,APOEL Nicosia,9
Malaga CF,Athletic Club,8
Tottenham Hotspur FC,Borussia Dortmund,10
Club Atletico de Madrid,SD Eibar,1
Wolverhampton Wanderers FC,Burton Albion FC,4
Norwich City FC,Reading,2
Aston Villa FC,Millwall FC,0
Malaga CF,Real Sociedad de Football,2
SC Paderborn 07,VfL Bochum,4
Club Atletico de Madrid,Villarreal CF,1
Middlesbrough FC,Norwich City FC,0
Watford FC,Manchester United FC,2
Athletic Club,RCD Espanyol,2
Everton FC,Chelsea FC,0
Manchester City FC,West Bromwich Albion FC,12
Manchester United FC,Newcastle United FC,8
Bayer Leverkusen,Hertha BSC,2
FC Ingolstadt 04,Eintracht Braunschweig,0
Real Betis,Villarreal CF,3
Eintracht Frankfurt,FC Koln,10
VfL Wolfsburg,Bayer Leverkusen,3
Red Bull Leipzig,Borussia Dortmund,4
Hamburger SV,TSG 1899 Hoffenheim,6
TSG 1899 Hoffenheim,FC Koln,6
Hamburger SV,FSV Mainz 05,4
FSV Mainz 05,VfL Wolfsburg,2
Villarreal CF,Malaga CF,2
LSK Hansa,FSV Mainz 05,1
Derby County,Fulham FC,2
SV Sandhausen,SpVgg Greuther Firth,2
FC Heidenheim 1846,FC Ingolstadt 04,0
Fortuna Disseldorf,Dynamo Dresden,2
TSG 1899 Hoffenheim,Liverpool FC,6
Hertha BSC,Hannover 96,6
Wolverhampton Wanderers FC,Fulham FC,4
FC Bayern Minchen,Hannover 96,6
Arminia Bielefeld,FC Heidenheim 1846,6
FC Basel,Manchester United FC,1
Bolton Wanderers FC,Sheffield Wednesday,3
Hamburger SV,Hertha BSC,2
FC Barcelona,Sporting CP,3
Malaga CF,RCD Espanyol,0
VfL Bochum,SpVgg Greuther Firth,2
Dynamo Dresden,MSV Duisburg,2
SC Freiburg,FC Bayern Minchen,0
Real Madrid CF,Athletic Club,0
AFC Bournemouth,Manchester United FC,0
Sevilla FC,RCD Espanyol,4
SV Darmstadt 98,MSV Duisburg,6
Real Madrid CF,RC Celta de Vigo,2
Jahn Regensburg,Fortuna Disseldorf,8
Liverpool FC,NK Maribor,10
FC Union Berlin,Jahn Regensburg,4
Preston North End,Queens Park Rangers,1
Germania Halberstadt,SC Freiburg,1
Club Atletico de Madrid,Levante UD,10
Levante UD,Real Betis,0
Cardiff City FC,Wolverhampton Wanderers FC,2
Dynamo Dresden,FC Ingolstadt 04,4
Queens Park Rangers,Bristol City,1
Real Madrid CF,Villarreal CF,0
Tottenham Hotspur FC,Brighton & Hove Albion,2
Athletic Club,Real Betis,4
VfL Osnabrick,Hamburger SV,6
FC Barcelona,CD Leganes,3
Eintracht Braunschweig,Jahn Regensburg,6
Real Betis,RCD Espanyol,0
Queens Park Rangers,Middlesbrough FC,2
RCD Espanyol,Levante UD,2
Hull City FC,Queens Park Rangers,1
SV Sandhausen,Holstein Kiel,5
TSG 1899 Hoffenheim,FC Augsburg,8
Burnley FC,Swansea City FC,2
Queens Park Rangers,Birmingham City,2
Shakhtar Donetsk,Manchester City FC,2
Borussia Dortmund,Tottenham Hotspur FC,4
Leicester City FC,Everton FC,3
SC Freiburg,FC Koln,8
Malaga CF,SD Eibar,1
Manchester United FC,FC Basel,3
West Ham United FC,Chelsea FC,1
TSG 1899 Hoffenheim,Eintracht Frankfurt,2
Borussia Dortmund,Eintracht Frankfurt,10
Getafe CF,RCD Espanyol,0
FC Bayern Minchen,SC Freiburg,18
Wigan Athletic FC,Rotherham United,3
Malaga CF,Getafe CF,0
Watford FC,Swansea City FC,3
VfL Bochum,FC Union Berlin,4
Everton FC,Leicester City FC,2
Athletic Club,Getafe CF,4
Erzgebirge Aue,FC Nirnberg,8
Sunderland AFC,Nottingham Forest,1
VfL Bochum,MSV Duisburg,2
Chelsea FC,West Bromwich Albion FC,14
AFC Bournemouth,Tottenham Hotspur FC,1
FC Ingolstadt 04,FC Heidenheim 1846,6
Jahn Regensburg,FC Kaiserslautern,6
Hamburger SV,FC Koln,6
Sheffield Wednesday,Norwich City FC,1
Wolverhampton Wanderers FC,Derby County,2
Dynamo Dresden,Holstein Kiel,0
Club Atletico de Madrid,AS Roma,2
SV Darmstadt 98,FC Ingolstadt 04,2
Malaga CF,RC Celta de Vigo,2
West Bromwich Albion FC,Huddersfield Town,1
Leeds United,Wolverhampton Wanderers FC,1
Watford FC,Newcastle United FC,3
SC Freiburg,Werder Bremen,6
FSV Mainz 05,Bor. Monchengladbach,2
Werder Bremen,Borussia Dortmund,4
SC Freiburg,VfB Stuttgart,2
FC Heidenheim 1846,SV Darmstadt 98,6
Werder Bremen,VfB Stuttgart,2
FSV Mainz 05,Hertha BSC,6
Doncaster Rovers FC,Wigan Athletic FC,0
SpVgg Greuther Firth,FC Heidenheim 1846,2
Manchester City FC,Arsenal FC,12
FC Heidenheim 1846,Dynamo Dresden,4
Fulham FC,Norwich City FC,2
Malaga CF,Real Betis,0
FC Kaiserslautern,FC Heidenheim 1846,4
FC Nirnberg,Holstein Kiel,2
Hull City FC,Wolverhampton Wanderers FC,2
Liverpool FC,Everton FC,2
Crystal Palace FC,Chelsea FC,3
Wolverhampton Wanderers FC,Cardiff City FC,1
Sunderland AFC,Birmingham City,2
Stoke City FC,Newcastle United FC,2
Newcastle United FC,Southampton FC,5
FC Augsburg,FC Koln,8
Wigan Athletic FC,Oldham Athletic AFC,2
Werder Bremen,Hertha BSC,2
FC Kaiserslautern,MSV Duisburg,0
Swansea City FC,Huddersfield Town,2
Real Betis,Valencia CF,3
Queens Park Rangers,Leeds United,1
Fulham FC,Sheffield United FC,8
Southend United FC,Blackburn Rovers FC,2
Malaga CF,RC Deportivo La Coruna,3
West Bromwich Albion FC,Newcastle United FC,4
Chelsea FC,Liverpool FC,2
Queens Park Rangers,Derby County,1
FC Koln,FSV Mainz 05,0
Wigan Athletic FC,Milton Keynes Dons,1
VfL Wolfsburg,FC Augsburg,1
FC Union Berlin,FC Ingolstadt 04,4
Arminia Bielefeld,VfL Bochum,6
FC Nirnberg,VfL Bochum,6
SpVgg Greuther Firth,MSV Duisburg,0
Hull City FC,Bolton Wanderers FC,4
Levante UD,Real Sociedad de Football,3
FC Nirnberg,FC St. Pauli,0
Wolverhampton Wanderers FC,Aston Villa FC,6
Oxford United,Blackburn Rovers FC,2
Brighton & Hove Albion,Manchester United FC,0
Werder Bremen,SC Freiburg,6
Werder Bremen,Eintracht Frankfurt,2
Red Bull Leipzig,Bor. Monchengladbach,3
Blackpool FC,Wigan Athletic FC,3
Sunderland AFC,Ipswich Town,2
Swansea City FC,Manchester City FC,0
FC Union Berlin,Erzgebirge Aue,4
Bor. Monchengladbach,Borussia Dortmund,2
West Bromwich Albion FC,Leicester City FC,2
FC Bayern Minchen,Hamburger SV,14
Sunderland AFC,Cardiff City FC,1
Bristol City,Queens Park Rangers,3
Hamburger SV,Borussia Dortmund,0
Gillingham FC,Wigan Athletic FC,1
Club Atletico de Madrid,Malaga CF,4
Fulham FC,Hull City FC,4
Barnsley FC,Norwich City FC,2
Tottenham Hotspur FC,APOEL Nicosia,6
Queens Park Rangers,Fulham FC,2
Hamburger SV,Red Bull Leipzig,1
SV Sandhausen,Fortuna Disseldorf,2
Real Betis,RC Deportivo La Coruna,3
Deportivo Alaves,RCD Espanyol,1
Arsenal FC,AFC Bournemouth,4
UD Las Palmas,Getafe CF,0
FC Bayern Minchen,Besiktas JK,8
Ipswich Town,Queens Park Rangers,1
Bor. Monchengladbach,Bayer Leverkusen,2
Oxford United,Wigan Athletic FC,0
VfL Wolfsburg,FC Bayern Minchen,3
SV Sandhausen,Dynamo Dresden,10
CD Leganes,Levante UD,0
Jahn Regensburg,Holstein Kiel,2
Norwich City FC,Millwall FC,2
Blackburn Rovers FC,Bradford City AFC,1
Watford FC,Arsenal FC,2
Fortuna Disseldorf,FC Kaiserslautern,10
Athletic Club,Sevilla FC,1
Chemnitzer FC,FC Bayern Minchen,0
RCD Espanyol,Sevilla FC,1
Werder Bremen,FC Bayern Minchen,4
TSG 1899 Hoffenheim,Borussia Dortmund,2
Bolton Wanderers FC,Derby County,1
Hertha BSC,VfL Wolfsburg,3
Ipswich Town,Aston Villa FC,0
Bayer Leverkusen,Werder Bremen,10
VfL Wolfsburg,Eintracht Frankfurt,2
Deportivo Alaves,Real Betis,1
Real Sociedad de Football,Levante UD,3
VfL Bochum,SV Sandhausen,4
Dynamo Dresden,FC Union Berlin,2
FC St. Pauli,SV Darmstadt 98,0
Hannover 96,VfL Wolfsburg,1
Erzgebirge Aue,FC St. Pauli,2
FC Nirnberg,VfL Wolfsburg,0
Brentford FC,Norwich City FC,2
Wolverhampton Wanderers FC,Middlesbrough FC,1
Arsenal FC,Stoke City FC,0
FC Ingolstadt 04,MSV Duisburg,6
Hannover 96,Hertha BSC,2
SV Sandhausen,Jahn Regensburg,6
Holstein Kiel,Eintracht Braunschweig,2
AS Roma,Club Atletico de Madrid,0
Huddersfield Town,Chelsea FC,1
RC Deportivo La Coruna,Real Madrid CF,1
FC Koln,Hamburger SV,6
Brighton & Hove Albion,Stoke City FC,3
SV Darmstadt 98,Erzgebirge Aue,0
Huddersfield Town,Swansea City FC,0
CD Leganes,Athletic Club,1
RCD Espanyol,Villarreal CF,1
Fulham FC,Queens Park Rangers,4
SV Sandhausen,FC Nirnberg,0
SC Freiburg,Borussia Dortmund,4
Real Sociedad de Football,Malaga CF,0
Queens Park Rangers,Preston North End,0
Real Betis,FC Barcelona,0
Aston Villa FC,Queens Park Rangers,6
Arsenal FC,Burnley FC,1
Chelsea FC,Tottenham Hotspur FC,4
SV Darmstadt 98,FC Nirnberg,6
Red Bull Leipzig,SC Freiburg,5
Manchester United FC,Everton FC,12
SV Darmstadt 98,VfL Bochum,4
Dynamo Dresden,Fortuna Disseldorf,6
Reading,Wolverhampton Wanderers FC,0
FC Augsburg,Hertha BSC,2
Brentford FC,Wolverhampton Wanderers FC,0
Erzgebirge Aue,SV Sandhausen,4
Southampton FC,Stoke City FC,1
Hamburger SV,Eintracht Frankfurt,2
Stoke City FC,Manchester City FC,4
FC Union Berlin,FC Saarbrucken,2
Stoke City FC,Leicester City FC,3
Huddersfield Town,Newcastle United FC,1
FC Kaiserslautern,Holstein Kiel,4
FC Augsburg,VfL Wolfsburg,2
Holstein Kiel,Jahn Regensburg,3
Manchester City FC,FC Basel,5
SpVgg Greuther Firth,Morlautern,5
Wolverhampton Wanderers FC,Preston North End,4
Oldham Athletic AFC,Blackburn Rovers FC,3
Wigan Athletic FC,Northampton Town,2
Nottingham Forest,Sunderland AFC,1
FC Nirnberg,Fortuna Disseldorf,4
Southampton FC,Liverpool FC,0
Wolverhampton Wanderers FC,Leeds United,7
FC Union Berlin,FC Heidenheim 1846,6
Borussia Dortmund,Real Madrid CF,6
TuS Koblenz,Dynamo Dresden,2
Burnley FC,Tottenham Hotspur FC,1
Erzgebirge Aue,SV Darmstadt 98,2
Aston Villa FC,Sheffield United FC,3
Eintracht Braunschweig,VfL Bochum,2
Hertha BSC,FC Augsburg,2
Southampton FC,Newcastle United FC,2
Malaga CF,UD Las Palmas,1
West Bromwich Albion FC,Brighton & Hove Albion,3
FC Union Berlin,MSV Duisburg,2
FC Heidenheim 1846,VfL Bochum,6
Fulham FC,Middlesbrough FC,2
RC Celta de Vigo,Levante UD,1
RCD Espanyol,Girona FC,0
SpVgg Greuther Firth,Eintracht Braunschweig,4
Eintracht Frankfurt,FC Schalke 04,4
Hannover 96,Werder Bremen,0
FC Augsburg,FC Magdeburg,0
Red Bull Leipzig,FC Augsburg,2
Middlesbrough FC,Aston Villa FC,0
MSV Duisburg,SpVgg Greuther Firth,4
FC Barcelona,RC Deportivo La Coruna,4
Club Atletico de Madrid,Athletic Club,8
Brentford FC,Fulham FC,3
Millwall FC,Bolton Wanderers FC,1
Everton FC,Crystal Palace FC,5
Malaga CF,Levante UD,0
FC Heidenheim 1846,SpVgg Greuther Firth,0
SV Wehen Wiesbaden,FC Schalke 04,2
Ipswich Town,Sunderland AFC,7
SD Eibar,RCD Espanyol,3
Blackburn Rovers FC,Bristol Rovers,2
FC Schalke 04,Hertha BSC,6
Sevilla FC,Malaga CF,3
Malaga CF,Club Atletico de Madrid,0
Burton Albion FC,Fulham FC,2
West Bromwich Albion FC,Everton FC,2
Tottenham Hotspur FC,Burnley FC,4
Arsenal FC,Swansea City FC,6
SD Eibar,Malaga CF,2
CD Leganes,Malaga CF,4
Northampton Town,Blackburn Rovers FC,2
FC Bayern Minchen,Chemnitzer FC,10
Athletic Club,Deportivo Alaves,2
Reading,Bolton Wanderers FC,3
Eintracht Braunschweig,SpVgg Greuther Firth,8
Southampton FC,Swansea City FC,0
Real Sociedad de Football,Real Madrid CF,3
RC Deportivo La Coruna,Levante UD,4
Manchester City FC,Liverpool FC,16
Real Madrid CF,Borussia Dortmund,12
RC Celta de Vigo,Malaga CF,1
SD Eibar,Real Madrid CF,1
Eintracht Frankfurt,Borussia Dortmund,8
Werder Bremen,Bor. Monchengladbach,4
Holstein Kiel,FC Kaiserslautern,3
Werder Bremen,FC Schalke 04,6
CD Leganes,FC Barcelona,0
Tottenham Hotspur FC,Stoke City FC,10
Fortuna Disseldorf,FC Heidenheim 1846,4
Hertha BSC,Red Bull Leipzig,3
Bolton Wanderers FC,Middlesbrough FC,0
Eintracht Frankfurt,Hamburger SV,4
RSC Anderlecht,FC Bayern Minchen,1
Barnsley FC,Wolverhampton Wanderers FC,1
Real Sociedad de Football,Getafe CF,1
FC Koln,FC Augsburg,2
Eintracht Frankfurt,Hertha BSC,4
Wigan Athletic FC,Blackburn Rovers FC,4
Club Atletico de Madrid,Girona FC,3
Everton FC,Newcastle United FC,2
Bolton Wanderers FC,Nottingham Forest,2
Hertha BSC,FC Hansa Rostock,4
Blackburn Rovers FC,Walsall FC,5
Borussia Dortmund,Hannover 96,4
Jahn Regensburg,FC Heidenheim 1846,14
Blackburn Rovers FC,Blackpool FC,7
Jahn Regensburg,FC Union Berlin,0
Bolton Wanderers FC,Sunderland AFC,8
Werder Bremen,Red Bull Leipzig,0
Jahn Regensburg,SV Darmstadt 98,8
Eintracht Frankfurt,Hannover 96,6
Jahn Regensburg,VfL Bochum,0
SC Freiburg,VfL Wolfsburg,1
RC Deportivo La Coruna,Athletic Club,2
FC St. Pauli,FC Heidenheim 1846,4
Villarreal CF,FC Barcelona,0
Bristol City,Sunderland AFC,5
Chelsea FC,Club Atletico de Madrid,6
Borussia Dortmund,FC Augsburg,6
Everton FC,Brighton & Hove Albion,3
Hannover 96,FSV Mainz 05,8
Borussia Dortmund,TSG 1899 Hoffenheim,4
FC Bayern Minchen,FSV Mainz 05,12
FC Nirnberg,SV Sandhausen,2
Bor. Monchengladbach,Hertha BSC,8
Holstein Kiel,FC Nirnberg,2
Birmingham City,Norwich City FC,0
Club Atletico de Madrid,RC Celta de Vigo,4
Holstein Kiel,SpVgg Greuther Firth,3
FC St. Pauli,SC Paderborn 07,2
Birmingham City,Bolton Wanderers FC,0
Jahn Regensburg,Dynamo Dresden,0
Tottenham Hotspur FC,Swansea City FC,4
Getafe CF,Levante UD,2
Wigan Athletic FC,Peterborough United FC,2
West Ham United FC,Manchester City FC,1
Malaga CF,Sevilla FC,0
Liverpool FC,West Bromwich Albion FC,0
Bayer Leverkusen,FC Augsburg,2
Bor. Monchengladbach,Fortuna Disseldorf,2
Fortuna Disseldorf,SV Sandhausen,6
Sevilla FC,Liverpool FC,5
VfB Stuttgart,Hamburger SV,2
Dynamo Dresden,TuS Koblenz,3
Arsenal FC,Crystal Palace FC,7
Valencia CF,FC Barcelona,1
RC Deportivo La Coruna,Club Atletico de Madrid,0
SV Darmstadt 98,SV Sandhausen,2
Liverpool FC,Spartak Moskva,8
Levante UD,RCD Espanyol,2
Newcastle United FC,Manchester City FC,2
FC Nirnberg,SV Darmstadt 98,8
Manchester United FC,Stoke City FC,10
RC Celta de Vigo,Getafe CF,1
Blackburn Rovers FC,Northampton Town,2
Jahn Regensburg,FC Nirnberg,4
Eintracht Braunschweig,FC Nirnberg,4
Chelsea FC,AFC Bournemouth,1
Hamburger SV,VfL Wolfsburg,0
VfL Bochum,FC St. Pauli,2
Club Atletico de Madrid,Qarabag Agdam FK,1
West Bromwich Albion FC,West Ham United FC,1
Red Bull Leipzig,Bayer Leverkusen,2
Girona FC,Getafe CF,1
Liverpool FC,TSG 1899 Hoffenheim,12
West Bromwich Albion FC,Arsenal FC,2
Bor. Monchengladbach,FC Koln,4
Bayer Leverkusen,Borussia Dortmund,2
VfB Stuttgart,Eintracht Frankfurt,4
MSV Duisburg,FC Ingolstadt 04,8
FC Schalke 04,Werder Bremen,6
Athletic Club,Levante UD,4
FC Bayern Minchen,Bor. Monchengladbach,2
Stoke City FC,Arsenal FC,2
SV Darmstadt 98,Jahn Regensburg,2
Hamburger SV,Hannover 96,2
FC Nirnberg,Eintracht Braunschweig,6
Bayer Leverkusen,Red Bull Leipzig,2
TSG 1899 Hoffenheim,VfB Stuttgart,2
Leicester City FC,Arsenal FC,3
Tottenham Hotspur FC,Arsenal FC,2
RC Celta de Vigo,FC Barcelona,2
FSV Mainz 05,LSK Hansa,3
Newcastle United FC,Manchester United FC,4
Dynamo Dresden,SV Sandhausen,0
MSV Duisburg,FC Kaiserslautern,2
Norwich City FC,Preston North End,1
Dynamo Dresden,VfL Bochum,8
Plymouth Argyle,Wigan Athletic FC,1
Manchester City FC,Feyenoord Rotterdam,5
Liverpool FC,Tottenham Hotspur FC,6
Newcastle United FC,Stoke City FC,6
FSV Mainz 05,FC Bayern Minchen,0
Crystal Palace FC,West Bromwich Albion FC,0
FC Union Berlin,FC St. Pauli,2
Rot-WeiErfurt,TSG 1899 Hoffenheim,0
Hannover 96,Eintracht Frankfurt,2
Fulham FC,Ipswich Town,6
Athletic Club,Villarreal CF,1
FC St. Pauli,MSV Duisburg,4
SpVgg Greuther Firth,SV Sandhausen,4
FC Koln,VfB Stuttgart,6
VfB Stuttgart,VfL Wolfsburg,2
Athletic Club,Real Madrid CF,0
Chelsea FC,Huddersfield Town,3
SD Eibar,Athletic Club,1
